{"cameraMode":{"drawMode":0,"name":"Shaded","section":"Shading Mode"},"sceneLighting":true,"audioPlay":false,"sceneViewState":{"showFog":true,"showMaterialUpdate":false,"showSkybox":true,"showFlares":true,"showImageEffects":true,"showParticleSystems":true},"in2DMode":false,"pivot":{"x":3.61558198928833,"y":-7.4200897216796879,"z":5.100080966949463},"rotation":{"x":0.33765825629234316,"y":0.19559644162654878,"z":-0.0720626637339592,"w":0.9179486036300659},"size":12.412972450256348,"orthographic":false}