{"cameraMode":{"drawMode":0,"name":"Shaded","section":"Shading Mode"},"sceneLighting":true,"audioPlay":false,"sceneViewState":{"showFog":true,"showMaterialUpdate":false,"showSkybox":true,"showFlares":true,"showImageEffects":true,"showParticleSystems":true},"in2DMode":false,"pivot":{"x":-3.918590784072876,"y":-1.61787748336792,"z":-1.4681352376937867},"rotation":{"x":0.08601445704698563,"y":-0.804692804813385,"z":0.12038382887840271,"w":0.5749624371528626},"size":7.515289306640625,"orthographic":false}