{"cameraMode":{"drawMode":0,"name":"Shaded","section":"Shading Mode"},"sceneLighting":true,"audioPlay":false,"sceneViewState":{"showFog":true,"showMaterialUpdate":false,"showSkybox":true,"showFlares":true,"showImageEffects":true,"showParticleSystems":true},"in2DMode":false,"pivot":{"x":-0.35274970531463625,"y":0.41666173934936526,"z":0.06999063491821289},"rotation":{"x":-0.0012329869205132127,"y":0.9556875228881836,"z":0.004005033057183027,"w":0.294373482465744},"size":3.2055869102478029,"orthographic":false}