{"cameraMode":{"drawMode":0,"name":"Shaded","section":"Shading Mode"},"sceneLighting":true,"audioPlay":false,"sceneViewState":{"showFog":true,"showMaterialUpdate":false,"showSkybox":true,"showFlares":true,"showImageEffects":true,"showParticleSystems":true},"in2DMode":false,"pivot":{"x":8.261621475219727,"y":-0.3556727170944214,"z":-3.8159384727478029},"rotation":{"x":-0.012023488990962506,"y":-0.8168200850486755,"z":0.017222406342625619,"w":-0.5766588449478149},"size":12.412972450256348,"orthographic":false}